{
    "W6-0": [[122.03184, 29.893689], [122.04749, 29.888814]],
    "W6-1": [[122.03177, 29.893541], [122.04744, 29.888699]],


    "W5-0": [[122.02515, 29.893838], [122.04689 , 29.887096]],
    "W5-1": [[122.02511 , 29.893706], [122.04685 , 29.886914]],

    "D9": [[122.02498 , 29.893408], [122.04674 , 29.886583]],
    "D8": [[122.02476 , 29.892846], [122.04650 , 29.885922]],
    "D7": [[122.02454 , 29.892268], [122.04632 , 29.885427]],
    "D6": [[122.02714 , 29.890814], [122.04615 , 29.884947]],
    "D5": [[122.02414 , 29.891177], [122.04597 , 29.884369]],
    "D4": [[122.02675 , 29.889789], [122.04576 , 29.883791]],

    "W4-0": [[122.02655 , 29.889261], [122.04558 , 29.883278]],
    "W4-1": [[122.02651 , 29.889145], [122.04553 , 29.883130]],

    "D3": [[122.02434 , 29.889244], [122.02938 , 29.887625]],

    "W3-0": [[122.02973 , 29.887476], [122.04536 , 29.882634]],
    "W3-1": [[122.02954 , 29.887377], [122.04531 , 29.882452]],

    "D2": [[122.02471 , 29.888467], [122.02912 , 29.887096]],
    "D1": [[122.02438 , 29.887905], [122.02885 , 29.886550]],

    "W2-0": [[122.03534 , 29.884650], [122.04505 , 29.881791]],
    "W2-1": [[122.03525 , 29.884452], [122.04501 , 29.881609]],

    "W1-0": [[122.02473 , 29.887046], [122.03205 , 29.884898]],
    "W1-1": [[122.02515 , 29.886765], [122.03175 , 29.884782]],


    "W7-0": [[122.02414 , 29.885559], [122.02817 , 29.884320]],
    "W7-1": [[122.02427 , 29.885295], [122.02774, 29.884253]],



    "J1-0": [[122.02506 , 29.893607], [122.02414 , 29.891144]],
    "J1-1": [[122.02524 , 29.893607], [122.02427 , 29.891095]],

    "J2-0": [[122.02789 , 29.892681], [122.02622 , 29.888467]],
    "J2-1": [[122.02804 , 29.892599], [122.02607 , 29.887608]],

    "J3-0": [[122.03079 , 29.891210], [122.02940 , 29.887575]],
    "J3-1": [[122.03114 , 29.891624], [122.02901 , 29.886088]],

    "J4-0": [[122.03394 , 29.890202], [122.03265 , 29.886881]],
    "J4-1": [[122.03412 , 29.890054], [122.03260 , 29.886121]],

    "J5-0": [[122.03732 , 29.889723], [122.03556 , 29.885278]],
    "J5-1": [[122.03727 , 29.889062], [122.03622 , 29.886385]],

    "J6-0": [[122.04051 , 29.888715], [122.03913 , 29.885179]],
    "J6-1": [[122.04062 , 29.888500], [122.03911 , 29.884683]],

    "J7-0": [[122.04380 , 29.888170], [122.04196 , 29.883328]],
    "J7-1": [[122.04400 , 29.888286], [122.04205 , 29.883080]],

    "J8-0": [[122.04667 , 29.886897], [122.04503 , 29.882303]],
    "J8-1": [[122.04703 , 29.887443], [122.04518 , 29.882039]]
}