{
    "W6-0": [[122.036331, 29.891776], [122.051995, 29.887022]],
    "W6-1": [[122.036288, 29.891692], [122.051813, 29.886929]],


    "W5-0": [[122.029421, 29.891999], [122.051276, 29.885218]],
    "W5-1": [[122.029351, 29.891904], [122.051284, 29.885015]],

    "D9": [[122.029650, 29.891375], [122.050817, 29.884724]],
    "D8": [[122.028919, 29.891029], [122.050872, 29.884034]],
    "D7": [[122.028444, 29.890503], [122.050674, 29.883522]],
    "D6": [[122.031573, 29.888901], [122.050534, 29.883015]],
    "D5": [[122.028428, 29.889262], [122.050304, 29.882480]],
    "D4": [[122.031149, 29.887897], [122.050139, 29.881915]],

    "W4-0": [[122.028127, 29.888271], [122.049844, 29.881395]],
    "W4-1": [[122.028080, 29.888162], [122.049806, 29.881292]],

    "D3": [[122.027952, 29.887590], [122.033949, 29.885674]],

    "W3-0": [[122.034164, 29.885581], [122.049849, 29.880706]],
    "W3-1": [[122.034110, 29.885450], [122.049806, 29.880548]],

    "D2": [[122.027866, 29.886957], [122.033734, 29.885088]],
    "D1": [[122.027694, 29.886362], [122.033445, 29.884539]],

    "W2-0": [[122.040215, 29.882632], [122.049313, 29.879943]],
    "W2-1": [[122.040118, 29.882418], [122.049248, 29.879748]],

    "W1-0": [[122.027522, 29.885655], [122.040193, 29.881869]],
    "W1-1": [[122.027458, 29.885515], [122.040118, 29.881711]],


    "W7-0": [[122.027083, 29.884111], [122.033016, 29.882297]],
    "W7-1": [[122.027018, 29.883934], [122.032941, 29.882129]],



    "J1-0": [[122.029379, 29.891366], [122.027126, 29.885469]],
    "J1-1": [[122.029518, 29.891338], [122.027276, 29.885441]],

    "J2-0": [[122.032383, 29.890920], [122.029969, 29.884799]],
    "J2-1": [[122.032533, 29.890873], [122.030108, 29.884678]],

    "J3-0": [[122.035944, 29.890985], [122.032524, 29.882198]],
    "J3-1": [[122.036051, 29.890947], [122.032674, 29.882166]],

    "J4-0": [[122.039158, 29.890052], [122.035823, 29.881718]],
    "J4-1": [[122.039258, 29.890021], [122.035972, 29.881683]],

    "J5-0": [[122.042299, 29.889134], [122.039427, 29.881938]],
    "J5-1": [[122.042401, 29.889098], [122.039587, 29.881910]],

    "J6-0": [[122.045450, 29.888236], [122.042833, 29.881483]],
    "J6-1": [[122.045633, 29.888171], [122.042993, 29.881390]],

    "J7-0": [[122.048583, 29.887343], [122.045987, 29.880441]],
    "J7-1": [[122.048733, 29.887297], [122.046169, 29.880367]],

    "J8-0": [[122.051609, 29.886446], [122.049109, 29.879385]],
    "J8-1": [[122.051748, 29.886381], [122.049302, 29.879320]]
}